City_ID,City,Country,Date,Lat,Lng,Max Temp,Humidity,Cloudiness,Wind Speed
0,Rikitea,PF,2022-01-30 17:34:24,-23.1203,-134.9692,76.17,61,59,4.29
1,Atuona,PF,2022-01-30 17:35:18,-9.8,-139.0333,77.22,79,10,13.2
2,Leningradskiy,RU,2022-01-30 17:35:18,69.3833,178.4167,-8.9,93,100,0.51
3,Yulara,AU,2022-01-30 17:34:33,-25.2406,130.9889,73.24,100,40,12.66
4,Punta Arenas,CL,2022-01-30 17:35:19,-53.15,-70.9167,51.91,46,75,28.77
5,Cabo San Lucas,MX,2022-01-30 17:35:19,22.8909,-109.9124,74.52,70,20,3.0
6,Norman Wells,CA,2022-01-30 17:35:19,65.282,-126.8329,-34.56,61,75,0.0
7,Barda,AZ,2022-01-30 17:35:19,40.3744,47.1267,41.68,43,86,1.16
8,Tuktoyaktuk,CA,2022-01-30 17:34:34,69.4541,-133.0374,-2.2,78,100,18.41
9,Hobart,AU,2022-01-30 17:35:20,-42.8794,147.3294,57.02,90,2,5.75
10,Barrow,US,2022-01-30 17:35:20,71.2906,-156.7887,-11.18,77,40,10.36
11,Mugumu,TZ,2022-01-30 17:35:20,-1.85,34.7,63.48,89,92,2.68
12,Pushkinskiye Gory,RU,2022-01-30 17:35:21,57.0209,28.9103,30.81,97,100,3.69
13,Eyl,SO,2022-01-30 17:35:21,7.9803,49.8164,75.54,75,100,16.44
14,Nome,US,2022-01-30 17:35:21,64.5011,-165.4064,-6.9,77,0,0.0
15,George,ZA,2022-01-30 17:35:21,-33.963,22.4617,67.55,88,75,9.22
16,Trairi,BR,2022-01-30 17:35:22,-3.2778,-39.2689,78.3,85,100,7.16
17,Richards Bay,ZA,2022-01-30 17:33:47,-28.783,32.0377,72.93,80,50,6.91
18,Busselton,AU,2022-01-30 17:35:22,-33.65,115.3333,64.09,78,3,18.39
19,Aripuana,BR,2022-01-30 17:35:22,-9.1667,-60.6333,75.43,97,100,3.89
20,Fortuna,US,2022-01-30 17:31:55,40.5982,-124.1573,46.65,97,100,0.0
21,Ngaoundere,CM,2022-01-30 17:35:23,7.3167,13.5833,68.61,19,47,6.08
22,Dikson,RU,2022-01-30 17:34:32,73.5069,80.5464,-1.12,92,100,21.39
23,Ushuaia,AR,2022-01-30 17:34:28,-54.8,-68.3,47.86,66,75,25.32
24,Cape Town,ZA,2022-01-30 17:31:24,-33.9258,18.4232,74.1,66,0,4.0
25,Kruisfontein,ZA,2022-01-30 17:35:23,-34.0033,24.7314,74.88,82,82,14.38
26,Yeppoon,AU,2022-01-30 17:35:23,-23.1333,150.7333,73.18,83,20,11.1
27,Esperance,AU,2022-01-30 17:35:23,-33.8667,121.9,69.64,65,60,10.38
28,Tigil,RU,2022-01-30 17:35:24,57.8,158.6667,16.12,87,100,13.4
29,Yatou,CN,2022-01-30 17:35:24,37.15,122.3833,28.96,58,0,3.91
30,Kodiak,US,2022-01-30 17:35:24,57.79,-152.4072,24.31,74,75,10.36
31,Bandarbeyla,SO,2022-01-30 17:35:25,9.4942,50.8122,76.05,73,56,15.95
32,Butaritari,KI,2022-01-30 17:35:25,3.0707,172.7902,81.75,77,64,21.74
33,Longyearbyen,SJ,2022-01-30 17:35:25,78.2186,15.6401,8.44,66,0,18.41
34,Kapaa,US,2022-01-30 17:35:26,22.0752,-159.319,71.92,75,20,1.99
35,Homer,US,2022-01-30 17:35:26,59.6425,-151.5483,24.67,87,100,8.05
36,Hermanus,ZA,2022-01-30 17:35:26,-34.4187,19.2345,74.8,71,40,17.34
37,Albany,US,2022-01-30 17:34:20,42.6001,-73.9662,21.15,36,42,7.0
38,Hilo,US,2022-01-30 17:33:13,19.7297,-155.09,67.62,74,40,3.44
39,Porto Da Folha,BR,2022-01-30 17:35:26,-9.9172,-37.2783,96.62,30,57,17.85
40,Katunino,RU,2022-01-30 17:35:27,64.3862,40.6298,13.89,95,100,5.55
41,Nizwa,OM,2022-01-30 17:35:27,22.9333,57.5333,71.47,33,0,0.27
42,Paamiut,GL,2022-01-30 17:35:27,61.994,-49.6678,10.04,69,100,11.1
43,Comodoro Rivadavia,AR,2022-01-30 17:35:28,-45.8667,-67.5,62.46,20,40,17.27
44,Clyde River,CA,2022-01-30 17:35:28,70.4692,-68.5914,-14.57,64,75,6.91
45,Mount Gambier,AU,2022-01-30 17:31:38,-37.8333,140.7667,62.51,100,100,8.05
46,Bisho,ZA,2022-01-30 17:35:28,-32.8472,27.4422,70.43,88,64,9.84
47,Sinnamary,GF,2022-01-30 17:35:29,5.3833,-52.95,80.6,75,58,10.04
48,Datong,CN,2022-01-30 17:35:29,40.0936,113.2914,13.35,47,4,12.28
49,Rawlins,US,2022-01-30 17:36:29,41.7911,-107.2387,41.22,45,0,6.91
50,Poum,NC,2022-01-30 17:36:29,-20.2333,164.0167,79.7,79,99,7.94
51,Acapulco,MX,2022-01-30 17:36:30,16.8634,-99.8901,85.82,54,0,4.61
52,Jamestown,US,2022-01-30 17:32:06,42.097,-79.2353,18.3,43,80,7.02
53,Grand Gaube,MU,2022-01-30 17:36:30,-20.0064,57.6608,81.0,73,44,3.0
54,Ordzhonikidze,KZ,2022-01-30 17:36:30,52.4411,61.7408,12.79,96,36,9.26
55,Los Llanos De Aridane,ES,2022-01-30 17:36:31,28.6585,-17.9182,64.15,81,20,3.0
56,Cidreira,BR,2022-01-30 17:36:31,-30.1811,-50.2056,76.84,57,7,16.49
57,Cherskiy,RU,2022-01-30 17:34:25,68.75,161.3,-24.0,97,88,4.74
58,Taksimo,RU,2022-01-30 17:36:31,56.3444,114.8794,-18.04,93,50,1.97
59,Luderitz,NA,2022-01-30 17:31:45,-26.6481,15.1594,69.71,75,68,10.63
60,San Ignacio,BZ,2022-01-30 17:36:32,17.1561,-89.0714,71.74,64,0,4.61
61,Kalnibolotskaya,RU,2022-01-30 17:36:32,46.0058,40.4568,35.22,98,70,13.22
62,Talcahuano,CL,2022-01-30 17:36:32,-36.7167,-73.1167,71.28,60,40,17.27
63,Saldanha,ZA,2022-01-30 17:36:32,-33.0117,17.9442,86.05,87,62,18.03
64,Wakkanai,JP,2022-01-30 17:36:33,45.4094,141.6739,17.69,61,100,11.27
65,Evensk,RU,2022-01-30 17:34:26,61.95,159.2333,18.41,83,100,25.97
66,Mahebourg,MU,2022-01-30 17:36:33,-20.4081,57.7,80.89,78,75,14.97
67,Mataura,NZ,2022-01-30 17:36:33,-46.1927,168.8643,58.48,99,45,1.9
68,Gwadar,PK,2022-01-30 17:36:34,25.1216,62.3254,72.12,75,0,16.04
69,Vaini,TO,2022-01-30 17:36:34,-21.2,-175.2,80.47,76,100,11.72
70,Tuam,IE,2022-01-30 17:36:34,53.5167,-8.85,46.56,78,99,19.3
71,Bredasdorp,ZA,2022-01-30 17:36:34,-34.5322,20.0403,74.28,73,20,16.11
72,Todos Santos,MX,2022-01-30 17:36:35,23.45,-110.2167,75.11,46,83,7.02
73,Oussouye,SN,2022-01-30 17:36:35,12.485,-16.5469,96.98,46,75,16.04
74,East London,ZA,2022-01-30 17:36:17,-33.0153,27.9116,76.14,83,0,14.97
75,Avarua,CK,2022-01-30 17:36:35,-21.2078,-159.775,78.85,89,75,10.36
76,Port Elizabeth,ZA,2022-01-30 17:36:36,-33.918,25.5701,77.09,83,20,18.41
77,Bambous Virieux,MU,2022-01-30 17:36:36,-20.3428,57.7575,80.85,78,75,14.97
78,Luocheng,CN,2022-01-30 17:36:36,29.3848,104.0286,42.49,82,99,2.51
79,Mengyin,CN,2022-01-30 17:36:36,35.7069,117.9264,32.14,72,34,6.8
80,Bafata,GW,2022-01-30 17:36:37,12.1667,-14.75,100.92,11,8,0.96
81,Upernavik,GL,2022-01-30 17:36:37,72.7868,-56.1549,-3.01,71,100,9.6
82,Springdale,US,2022-01-30 17:34:39,36.1867,-94.1288,53.04,35,0,4.0
83,Muros,ES,2022-01-30 17:36:37,42.7762,-9.0603,64.9,65,0,3.27
84,Ponta Do Sol,PT,2022-01-30 17:36:38,32.6667,-17.1,69.71,50,0,7.63
85,Guiren,CN,2022-01-30 17:36:38,33.6697,118.1889,34.56,71,6,6.51
86,Castro,BR,2022-01-30 17:34:31,-24.7911,-50.0119,64.58,98,100,5.5
87,Dangriga,BZ,2022-01-30 17:34:52,16.9692,-88.2321,74.98,57,51,8.93
88,Nalgonda,IN,2022-01-30 17:36:38,17.05,79.2667,68.16,31,4,3.04
89,Arraial Do Cabo,BR,2022-01-30 17:36:39,-22.9661,-42.0278,87.76,62,40,4.61
90,Dunedin,NZ,2022-01-30 17:36:39,-45.8742,170.5036,54.81,90,32,4.59
91,Amparafaravola,MG,2022-01-30 17:36:39,-17.5833,48.2167,68.11,96,18,2.55
92,Lourdes,FR,2022-01-30 17:36:39,43.1,-0.05,33.28,100,100,4.61
93,New Norfolk,AU,2022-01-30 17:34:31,-42.7826,147.0587,56.66,76,3,1.99
94,Tepusteca,HN,2022-01-30 17:37:40,15.4167,-86.3167,60.08,99,100,2.82
95,Jinan,CN,2022-01-30 17:37:40,36.6683,116.9972,36.39,68,34,11.1
96,Gamba,GA,2022-01-30 17:37:40,-2.65,10.0,78.57,82,98,4.65
97,Torma,EE,2022-01-30 17:37:41,58.8128,26.7383,32.45,99,100,4.34
98,Souillac,MU,2022-01-30 17:37:41,-20.5167,57.5167,80.98,78,75,14.97
99,Plastun,RU,2022-01-30 17:37:41,44.7561,136.2939,0.0,78,0,8.3
100,Airai,TL,2022-01-30 17:37:41,-8.9266,125.4092,61.36,94,96,3.67
101,Bilma,NE,2022-01-30 17:37:42,18.6853,12.9164,64.58,15,1,13.65
102,Khakhea,BW,2022-01-30 17:37:42,-24.6895,23.494,71.64,70,99,13.31
103,Cayenne,GF,2022-01-30 17:33:16,4.9333,-52.3333,80.64,84,100,5.01
104,Sur,OM,2022-01-30 17:37:42,22.5667,59.5289,72.28,67,2,1.3
105,Saint-Augustin,CA,2022-01-30 17:37:43,51.226,-58.6502,28.92,95,99,24.45
106,Dubbo,AU,2022-01-30 17:37:43,-32.25,148.6167,68.13,94,54,9.22
107,Lebu,CL,2022-01-30 17:36:51,-37.6167,-73.65,63.14,66,55,16.91
108,Faanui,PF,2022-01-30 17:37:43,-16.4833,-151.75,79.77,73,68,6.87
109,Nouadhibou,MR,2022-01-30 17:37:43,20.931,-17.0347,69.78,64,96,14.97
110,Sitka,US,2022-01-30 17:37:44,57.0531,-135.33,35.49,80,100,11.5
111,Kodinsk,RU,2022-01-30 17:37:44,58.6881,99.1844,-10.03,100,96,0.94
112,Nelson,NZ,2022-01-30 17:33:29,-41.2833,173.2833,61.29,78,7,4.0
113,Gat,IL,2022-01-30 17:37:44,31.61,34.7642,54.39,100,6,3.44
114,Broome,US,2022-01-30 17:37:45,42.2506,-75.833,21.22,65,0,3.0
115,Huntsville,US,2022-01-30 17:37:45,34.7304,-86.5861,51.89,46,0,4.0
116,Bluff,NZ,2022-01-30 17:36:50,-46.6,168.3333,58.8,92,87,3.58
117,Fairbanks,US,2022-01-30 17:37:45,64.8378,-147.7164,-28.98,67,0,0.0
118,Alyangula,AU,2022-01-30 17:37:46,-13.8483,136.4192,80.47,89,40,10.36
119,Fotolivos,GR,2022-01-30 17:37:46,41.0667,24.0667,45.46,58,8,2.21
120,Rio Gallegos,AR,2022-01-30 17:37:46,-51.6226,-69.2181,57.25,28,40,32.21
121,Nhulunbuy,AU,2022-01-30 17:37:46,-12.2333,136.7667,79.41,89,40,12.66
122,Kiama,AU,2022-01-30 17:37:47,-34.6833,150.8667,69.28,95,83,3.6
123,Omboue,GA,2022-01-30 17:37:47,-1.5746,9.2618,79.25,79,100,4.36
124,Sisimiut,GL,2022-01-30 17:37:47,66.9395,-53.6735,10.94,79,100,21.27
125,Karratha,AU,2022-01-30 17:37:47,-20.7377,116.8463,83.5,60,49,22.24
126,Hatton,LK,2022-01-30 17:37:48,6.8916,80.5955,62.33,94,39,2.01
127,Christchurch,NZ,2022-01-30 17:35:19,-43.5333,172.6333,63.0,84,58,1.01
128,Necochea,AR,2022-01-30 17:37:48,-38.5473,-58.7368,76.03,63,90,20.51
129,Shingu,JP,2022-01-30 17:37:48,33.7333,135.9833,37.26,76,66,7.52
130,Itamaraca,BR,2022-01-30 17:37:49,-7.7478,-34.8256,88.48,66,100,10.38
131,Ribeira Grande,PT,2022-01-30 17:33:05,38.5167,-28.7,59.4,72,40,19.57
132,Thompson,CA,2022-01-30 17:37:49,55.7435,-97.8558,1.56,78,100,2.3
133,Tallahassee,US,2022-01-30 17:37:49,30.4383,-84.2807,57.85,37,0,1.01
134,College,US,2022-01-30 17:37:50,64.8569,-147.8028,-29.0,66,20,0.0
135,Cangucu,BR,2022-01-30 17:37:50,-31.395,-52.6756,78.01,51,25,10.92
136,Maun,BW,2022-01-30 17:37:50,-19.9833,23.4167,69.26,86,91,8.72
137,Hithadhoo,MV,2022-01-30 17:34:32,-0.6,73.0833,81.97,69,100,8.43
138,Sumpong,PH,2022-01-30 17:38:50,8.1633,125.1183,68.29,96,35,1.23
139,Fort Abbas,PK,2022-01-30 17:38:51,29.1925,72.8536,61.29,21,0,2.08
140,Naron,ES,2022-01-30 17:38:51,43.5167,-8.1528,56.25,77,20,4.38
141,Chokurdakh,RU,2022-01-30 17:38:51,70.6333,147.9167,-29.83,89,33,1.07
142,Nikolskoye,RU,2022-01-30 17:38:52,59.7035,30.7861,30.7,96,100,7.47
143,Beloha,MG,2022-01-30 17:38:52,-25.1667,45.05,74.57,68,88,15.77
144,Tambura,SS,2022-01-30 17:38:52,5.6,27.4667,77.4,19,79,4.9
145,Mayskiy,RU,2022-01-30 17:38:52,47.6931,40.1025,33.21,93,99,13.47
146,Ambilobe,MG,2022-01-30 17:38:53,-13.2,49.05,75.69,93,73,2.19
147,Gweta,BW,2022-01-30 17:38:53,-20.1833,25.2333,72.05,78,75,13.22
148,Sioux Lookout,CA,2022-01-30 17:38:53,50.1001,-91.917,-0.02,78,100,2.3
149,Mulchen,CL,2022-01-30 17:38:54,-37.7167,-72.2333,76.32,34,26,7.36
150,Kirakira,SB,2022-01-30 17:38:54,-10.4544,161.9205,80.46,83,100,4.27
151,Port Alfred,ZA,2022-01-30 17:34:29,-33.5906,26.891,74.97,86,89,21.14
152,Lompoc,US,2022-01-30 17:35:25,34.6391,-120.4579,69.13,53,0,5.99
153,Tiksi,RU,2022-01-30 17:38:54,71.6872,128.8694,-17.25,100,82,4.14
154,Sadovo,BG,2022-01-30 17:38:54,42.1333,24.9333,46.72,46,100,14.97
155,Victoria,HK,2022-01-30 17:34:08,22.2855,114.1577,60.33,75,52,4.0
156,Xai-Xai,MZ,2022-01-30 17:38:55,-25.0519,33.6442,75.9,79,16,8.37
157,Bilibino,RU,2022-01-30 17:38:55,68.0546,166.4372,-8.66,92,100,5.01
158,Olafsvik,IS,2022-01-30 17:38:55,64.8945,-23.7142,28.67,59,100,38.23
159,Aban,RU,2022-01-30 17:38:56,56.67,96.06,-7.62,99,96,1.5
160,Severo-Kurilsk,RU,2022-01-30 17:38:56,50.6789,156.125,26.37,92,100,14.63
161,Ballina,AU,2022-01-30 17:38:56,-28.8667,153.5667,72.79,100,75,5.75
162,Amahai,ID,2022-01-30 17:38:56,-3.3333,128.9167,78.98,82,100,8.46
163,Pozo Colorado,PY,2022-01-30 17:38:57,-23.4923,-58.7972,100.96,17,0,4.16
164,Pevek,RU,2022-01-30 17:38:57,69.7008,170.3133,-11.34,95,100,3.36
165,Zlobin,HR,2022-01-30 17:38:57,45.2924,14.6541,38.62,82,0,2.3
166,Kutum,SD,2022-01-30 17:35:47,14.2,24.6667,61.97,14,1,10.8
167,Kupang,ID,2022-01-30 17:38:58,-10.1667,123.5833,81.18,89,75,6.91
168,Liverpool,GB,2022-01-30 17:38:58,53.4106,-2.9779,46.78,78,75,5.01
169,Cloquet,US,2022-01-30 17:38:58,46.7216,-92.4594,19.85,70,76,0.0
170,Mangan,IN,2022-01-30 17:38:58,27.5167,88.5333,51.06,69,91,2.91
171,Shelburne,CA,2022-01-30 17:38:36,44.0787,-80.2041,19.9,65,71,9.13
172,Cockburn Town,TC,2022-01-30 17:36:34,21.4612,-71.1419,78.76,65,40,17.27
173,Barcelona,ES,2022-01-30 17:38:03,41.3888,2.159,61.93,48,0,1.99
174,Khonsa,IN,2022-01-30 17:38:59,27.0167,95.5667,45.86,84,22,3.51
175,Faya,SA,2022-01-30 17:38:59,18.3851,42.4509,55.92,80,10,5.5
176,Dingle,PH,2022-01-30 17:39:00,10.9995,122.6711,75.42,92,78,2.51
177,Yellowknife,CA,2022-01-30 17:34:17,62.456,-114.3525,-14.28,76,100,10.36
178,Mahibadhoo,MV,2022-01-30 17:39:00,3.7833,72.9667,82.42,74,100,12.93
179,Nishihara,JP,2022-01-30 17:39:00,26.1842,127.7558,58.28,58,75,27.63
180,Araouane,ML,2022-01-30 17:40:01,18.9048,-3.5265,80.83,12,17,10.63
181,Mkuranga,TZ,2022-01-30 17:40:01,-7.118,39.2078,74.28,90,84,4.18
182,Bara,NG,2022-01-30 17:40:01,10.3744,10.7288,82.18,14,94,9.19
183,Kununurra,AU,2022-01-30 17:40:02,-15.7667,128.7333,80.58,78,100,14.97
184,Amalapuram,IN,2022-01-30 17:40:02,16.5833,82.0167,66.78,94,3,0.27
185,Georgetown,MY,2022-01-30 17:35:15,5.4112,100.3354,83.89,89,20,0.0
186,Shimoda,JP,2022-01-30 17:40:02,34.6667,138.95,39.11,64,99,12.26
187,Labrea,BR,2022-01-30 17:40:03,-7.2586,-64.7981,80.46,80,100,2.89
188,Qaanaaq,GL,2022-01-30 17:40:03,77.484,-69.3632,-7.49,71,100,11.43
189,Hami,CN,2022-01-30 17:40:03,42.8,93.45,24.17,39,100,1.97
190,Pochutla,MX,2022-01-30 17:40:04,15.7432,-96.4661,87.82,34,0,7.18
191,Carnarvon,AU,2022-01-30 17:40:04,-24.8667,113.6333,80.67,74,13,14.97
192,Teya,RU,2022-01-30 17:40:04,60.3778,92.6267,-6.27,100,97,3.09
193,Saint-Philippe,RE,2022-01-30 17:40:04,-21.3585,55.7679,80.19,79,60,10.74
194,Maputo,MZ,2022-01-30 17:40:05,-25.9653,32.5892,76.68,90,75,1.01
195,Alexandria,EG,2022-01-30 17:39:28,31.2156,29.9553,56.01,45,98,12.21
196,Sukhinichi,RU,2022-01-30 17:38:23,54.0999,35.3425,25.57,96,100,10.54
197,Armilla,ES,2022-01-30 17:40:05,37.141,-3.6185,64.99,24,0,0.0
198,Sao Filipe,CV,2022-01-30 17:40:05,14.8961,-24.4956,71.82,70,100,15.59
199,Sibolga,ID,2022-01-30 17:40:06,1.7427,98.7792,76.48,90,98,2.51
200,Bengkulu,ID,2022-01-30 17:40:06,-3.8004,102.2655,75.9,93,100,4.97
201,Saint Anthony,US,2022-01-30 17:40:06,45.0205,-93.218,20.28,68,0,1.01
202,Aykhal,RU,2022-01-30 17:40:06,66.0,111.5,-21.89,100,59,3.15
203,Quatre Cocos,MU,2022-01-30 17:40:07,-20.2078,57.7625,80.71,84,55,17.96
204,Sao Gabriel Da Cachoeira,BR,2022-01-30 17:40:07,-0.1303,-67.0892,87.6,66,40,5.75
205,Hailey,US,2022-01-30 17:40:07,43.5196,-114.3153,13.86,57,0,6.91
206,Nanortalik,GL,2022-01-30 17:40:08,60.1432,-45.2371,18.1,67,100,10.74
207,Champerico,GT,2022-01-30 17:40:08,14.3,-91.9167,91.35,60,5,7.54
208,Along,IN,2022-01-30 17:40:08,28.1667,94.7667,46.74,77,74,1.52
209,Aklavik,CA,2022-01-30 17:40:09,68.2191,-135.0107,1.4,78,75,4.61
210,Hambantota,LK,2022-01-30 17:38:08,6.1241,81.1185,77.38,87,16,11.74
211,Saint George,US,2022-01-30 17:35:11,37.1041,-113.5841,49.35,31,0,1.01
212,Iquique,CL,2022-01-30 17:40:09,-20.2208,-70.1431,75.24,66,1,3.83
213,Kajiado,KE,2022-01-30 17:40:09,-1.8524,36.7768,71.08,69,96,16.91
214,Atar,MR,2022-01-30 17:40:10,20.5169,-13.0499,89.22,8,100,7.96
215,Omsukchan,RU,2022-01-30 17:38:45,62.5333,155.8,-15.48,100,100,6.31
216,Sakakah,SA,2022-01-30 17:40:10,29.9697,40.2064,56.77,40,63,12.71
217,Lohja,FI,2022-01-30 17:40:10,60.2486,24.0653,27.21,94,100,13.65
218,Colares,PT,2022-01-30 17:40:10,38.7992,-9.4469,61.79,48,0,5.01
219,Provideniya,RU,2022-01-30 17:40:11,64.3833,-173.3,5.32,80,1,7.87
220,Rancho Palos Verdes,US,2022-01-30 17:40:11,33.7445,-118.387,69.12,46,0,1.99
221,Fayaoue,NC,2022-01-30 17:40:11,-20.65,166.5333,81.28,81,98,12.75
222,Plettenberg Bay,ZA,2022-01-30 17:40:12,-34.0527,23.3716,71.26,91,71,7.16
223,San Jose,US,2022-01-30 17:36:07,37.3394,-121.895,58.41,63,20,3.44
224,Altay,CN,2022-01-30 17:40:12,47.8667,88.1167,3.61,54,38,7.47
225,Mendota,US,2022-01-30 17:40:12,36.7536,-120.3816,49.69,55,0,0.6
226,Baykit,RU,2022-01-30 17:40:12,61.67,96.37,-11.31,100,94,1.14
227,Ilulissat,GL,2022-01-30 17:41:13,69.2167,-51.1,8.62,66,75,17.27
228,Severomuysk,RU,2022-01-30 17:41:13,56.1481,113.4267,-22.11,97,62,3.27
229,Conde,BR,2022-01-30 17:41:14,-7.2597,-34.9075,87.26,62,40,13.8
230,Bandrele,YT,2022-01-30 17:41:14,-12.9067,45.1914,82.15,78,0,5.75
231,Matara,LK,2022-01-30 17:41:14,5.9485,80.5353,76.95,91,34,7.27
232,Vila,PT,2022-01-30 17:41:14,42.0304,-8.1588,50.88,65,0,3.33
233,Kahului,US,2022-01-30 17:41:15,20.8947,-156.47,75.85,76,20,3.44
234,Makakilo City,US,2022-01-30 17:41:15,21.3469,-158.0858,72.28,73,0,5.75
235,Douglas,US,2022-01-30 17:41:15,41.3,-96.167,33.51,63,0,1.01
236,Petropavlovsk-Kamchatskiy,RU,2022-01-30 17:41:16,53.0452,158.6483,12.79,92,0,8.95
237,Elizabeth City,US,2022-01-30 17:41:16,36.2946,-76.2511,34.02,42,0,6.91
238,Sorland,NO,2022-01-30 17:41:16,67.667,12.6934,33.87,50,100,17.69
239,Puri,IN,2022-01-30 17:41:16,19.8,85.85,63.12,55,0,6.24
240,Chuy,UY,2022-01-30 17:41:17,-33.6971,-53.4616,79.32,54,98,12.62
241,Ugoofaaru,MV,2022-01-30 17:41:17,5.6667,73.0,81.52,77,57,14.23
242,Giyon,ET,2022-01-30 17:41:17,8.5333,37.9833,63.57,31,77,8.84
243,Delijan,IR,2022-01-30 17:41:17,33.9905,50.6838,37.56,32,0,3.47
244,Ahuimanu,US,2022-01-30 17:41:18,21.4447,-157.8378,73.45,72,75,1.01
245,Mar Del Plata,AR,2022-01-30 17:37:19,-38.0023,-57.5575,86.02,54,0,21.0
246,Labuan,MY,2022-01-30 17:41:18,5.2767,115.2417,77.36,94,20,0.0
247,Areka,ET,2022-01-30 17:41:18,7.0667,37.7,67.82,28,83,6.76
248,Geraldton,AU,2022-01-30 17:41:19,-28.7667,114.6,72.01,88,100,17.27
249,Opuwo,NA,2022-01-30 17:41:19,-18.0607,13.84,74.17,36,71,17.16
250,Gigmoto,PH,2022-01-30 17:41:19,13.7796,124.39,77.5,87,28,7.29
251,Durazno,UY,2022-01-30 17:41:20,-33.4131,-56.5006,84.74,30,0,7.96
252,Puerto Ayora,EC,2022-01-30 17:41:20,-0.7393,-90.3518,82.36,71,100,8.81
253,Lata,PT,2022-01-30 17:41:20,40.1629,-8.3327,61.21,49,88,2.21
254,Pokhara,NP,2022-01-30 17:41:20,28.2333,83.9833,50.63,79,90,0.56
255,Port Hedland,AU,2022-01-30 17:41:21,-20.3167,118.5667,82.45,83,40,17.27
256,Half Moon Bay,US,2022-01-30 17:41:21,37.4636,-122.4286,58.87,85,75,1.01
257,Tongchuan,CN,2022-01-30 17:39:54,35.0806,109.0897,20.88,51,0,3.96
258,Caravelas,BR,2022-01-30 17:41:21,-17.7125,-39.2481,86.79,62,77,12.48
259,Aketi,CD,2022-01-30 17:41:22,2.7388,23.7833,77.88,28,64,1.1
260,Medea,DZ,2022-01-30 17:41:22,36.2642,2.7539,45.05,36,0,2.84
261,Kokopo,PG,2022-01-30 17:41:22,-4.352,152.2633,76.51,84,72,4.12
262,Anjozorobe,MG,2022-01-30 17:41:22,-18.4,47.8667,70.12,95,13,5.75
263,Beyneu,KZ,2022-01-30 17:41:23,45.3167,55.2,33.17,76,98,14.14
264,Saskylakh,RU,2022-01-30 17:41:23,71.9167,114.0833,-19.21,100,100,2.86
265,Sola,VU,2022-01-30 17:41:23,-13.8833,167.55,79.79,83,100,16.67
266,Iskateley,RU,2022-01-30 17:41:23,67.6803,53.1512,12.31,92,100,13.62
267,Suleja,NG,2022-01-30 17:41:24,9.1758,7.1808,90.59,9,59,7.85
268,Lubango,AO,2022-01-30 17:41:24,-14.9172,13.4925,61.95,78,100,5.46
269,Oudtshoorn,ZA,2022-01-30 17:41:24,-33.5907,22.2014,66.56,67,93,6.22
270,Salzhemmendorf,DE,2022-01-30 17:41:25,52.067,9.5872,42.19,63,9,12.17
271,Djibo,BF,2022-01-30 17:41:25,14.1022,-1.6306,81.82,9,29,11.52
272,Zhoucheng,CN,2022-01-30 17:41:25,35.9122,116.3117,39.02,83,34,7.31
273,Khatanga,RU,2022-01-30 17:42:25,71.9667,102.5,-8.3,98,98,9.75
274,Abu Samrah,SY,2022-01-30 17:42:26,35.3029,37.1841,45.07,71,68,6.87
275,Micoud,LC,2022-01-30 17:42:26,13.8167,-60.9,84.4,61,40,21.85
276,Point Fortin,TT,2022-01-30 17:37:58,10.1833,-61.6833,84.13,68,43,4.36
277,Lida,BY,2022-01-30 17:39:01,53.8833,25.2997,30.92,96,100,19.55
278,Pangnirtung,CA,2022-01-30 17:42:26,66.1451,-65.7125,-18.4,57,75,0.0
279,Ambon,ID,2022-01-30 17:37:53,-3.6954,128.1814,80.74,78,40,4.61
280,Berlevag,NO,2022-01-30 17:42:27,70.8578,29.0864,32.0,78,97,21.39
281,Iwanai,JP,2022-01-30 17:42:27,42.9744,140.5089,19.04,68,100,9.84
282,Porirua,NZ,2022-01-30 17:42:27,-41.1333,174.85,58.42,90,33,4.9
283,Gravdal,NO,2022-01-30 17:42:28,68.1214,13.5031,33.69,80,75,18.41
284,Fuxin,CN,2022-01-30 17:42:28,42.0156,121.6589,17.8,50,57,2.91
285,Manokwari,ID,2022-01-30 17:42:28,-0.8667,134.0833,77.68,73,100,7.58
286,Hirara,JP,2022-01-30 17:42:28,24.8,125.2833,62.42,61,92,28.95
287,Morgan City,US,2022-01-30 17:42:29,29.6994,-91.2068,64.4,51,0,14.97
288,Port Blair,IN,2022-01-30 17:42:29,11.6667,92.75,73.44,83,20,1.14
289,Miramar,US,2022-01-30 17:42:29,25.9873,-80.2323,62.02,35,0,10.36
290,Coquimbo,CL,2022-01-30 17:42:29,-29.9533,-71.3436,69.53,60,0,14.97
291,Presidencia Roque Saenz Pena,AR,2022-01-30 17:42:30,-26.7852,-60.4388,101.68,11,0,6.08
292,Tabory,RU,2022-01-30 17:42:30,58.5198,64.5495,7.48,98,100,1.43
293,Ostrovnoy,RU,2022-01-30 17:40:45,68.0531,39.5131,2.64,97,91,8.1
294,Yerofey Pavlovich,RU,2022-01-30 17:42:30,53.9667,121.9667,-10.91,95,58,3.78
295,Mudgee,AU,2022-01-30 17:42:31,-32.5943,149.5871,69.85,83,75,3.44
296,Pacific Grove,US,2022-01-30 17:42:31,36.6177,-121.9166,56.16,62,0,5.01
297,Skibbereen,IE,2022-01-30 17:42:31,51.55,-9.2667,49.8,78,66,17.76
298,Loandjili,CG,2022-01-30 17:42:31,-4.7561,11.8578,82.51,83,40,9.22
299,Kaitangata,NZ,2022-01-30 17:42:32,-46.2817,169.8464,53.55,96,50,2.42
300,Seymchan,RU,2022-01-30 17:42:32,62.8833,152.4333,-22.5,97,88,5.08
301,Kavieng,PG,2022-01-30 17:42:32,-2.5744,150.7967,80.94,75,88,1.79
302,Tarija,BO,2022-01-30 17:42:32,-21.5355,-64.7296,75.11,57,75,5.75
303,Paracuru,BR,2022-01-30 17:42:33,-3.41,-39.0306,87.82,77,100,9.95
304,Goderich,CA,2022-01-30 17:42:33,43.7501,-81.7165,20.91,68,100,9.22
305,Doka,SD,2022-01-30 17:42:33,13.5167,35.7667,79.5,28,68,12.73
306,Galesong,ID,2022-01-30 17:42:34,-5.3166,119.3661,77.02,77,100,6.91
307,San Patricio,US,2022-01-30 17:42:34,28.017,-97.5169,69.67,48,0,11.45
308,Banjar,ID,2022-01-30 17:42:34,-8.19,114.9675,82.26,91,100,4.07
309,Murray,US,2022-01-30 17:42:34,40.6669,-111.888,40.91,64,0,3.44
310,Alofi,NU,2022-01-30 17:42:35,-19.0595,-169.9187,73.29,94,95,2.3
311,Loyga,RU,2022-01-30 17:42:35,61.0784,44.6075,3.87,99,93,4.5
312,Tacana,GT,2022-01-30 17:42:35,15.2333,-92.0833,59.9,46,9,5.39
313,Katsuura,JP,2022-01-30 17:40:29,35.1333,140.3,40.19,67,100,12.48
314,Porto Novo,BJ,2022-01-30 17:41:39,6.4965,2.6036,87.62,54,79,6.6
315,Port Keats,AU,2022-01-30 17:38:37,-14.25,129.55,80.85,80,58,21.09
316,Qaqortoq,GL,2022-01-30 17:42:36,60.7167,-46.0333,10.9,65,100,8.68
317,Jian,CN,2022-01-30 17:42:36,27.1172,114.9793,40.78,76,89,3.6
318,Weligama,LK,2022-01-30 17:42:36,5.9667,80.4167,76.98,90,33,6.15
319,Concarneau,FR,2022-01-30 17:42:36,47.875,-3.9225,49.05,86,94,6.98
320,Esmeraldas,BR,2022-01-30 17:43:37,-19.7625,-44.3139,87.04,73,95,6.26
321,Zambezi,ZM,2022-01-30 17:43:37,-13.5432,23.1047,66.61,93,99,5.26
322,Pemangkat,ID,2022-01-30 17:43:37,1.1667,108.9667,77.81,84,100,6.08
323,Gayeri,BF,2022-01-30 17:43:38,12.6497,0.4931,83.53,9,15,12.28
324,Moussoro,TD,2022-01-30 17:43:38,13.6408,16.4901,70.41,14,68,12.21
325,Flinders,AU,2022-01-30 17:43:38,-34.5833,150.8552,71.38,83,73,3.62
326,Kishi,NG,2022-01-30 17:43:38,9.0833,3.85,82.36,10,100,5.35
327,Beringovskiy,RU,2022-01-30 17:43:39,63.05,179.3167,-13.67,99,70,7.34
328,Terra Rica,BR,2022-01-30 17:43:39,-22.7094,-52.6169,82.94,68,73,6.71
329,Ahipara,NZ,2022-01-30 17:39:56,-35.1667,173.1667,60.84,91,100,7.87
330,Lermontovka,RU,2022-01-30 17:43:39,47.1453,134.3383,-20.33,99,22,2.1
331,Kloulklubed,PW,2022-01-30 17:38:55,7.0419,134.2556,77.5,68,98,9.73
332,Vostok,RU,2022-01-30 17:43:40,46.4856,135.8833,-21.5,99,71,3.8
333,Lufilufi,WS,2022-01-30 17:43:40,-13.8745,-171.5986,80.78,77,77,9.33
334,Karlivka,UA,2022-01-30 17:43:40,49.4567,35.1295,29.1,97,100,13.53
335,Sorong,ID,2022-01-30 17:43:40,-0.8833,131.25,81.18,77,100,8.97
336,Vad,RU,2022-01-30 17:43:41,55.5301,44.2114,25.48,93,98,8.61
337,Sandwick,GB,2022-01-30 17:43:41,60.0,-1.25,40.82,75,75,20.71
338,Coihaique,CL,2022-01-30 17:43:41,-45.5752,-72.0662,57.81,47,40,8.05
339,Codrington,AU,2022-01-30 17:43:41,-38.2667,141.9667,61.38,98,9,7.14
340,Santa Fe,AR,2022-01-30 17:43:42,-31.6333,-60.7,92.01,29,0,5.99
341,Diego De Almagro,CL,2022-01-30 17:43:42,-26.3667,-70.05,79.54,21,0,14.58
342,Zaykovo,RU,2022-01-30 17:43:42,57.5613,62.7568,6.96,98,100,1.77
343,Kant,IN,2022-01-30 17:43:42,27.8,79.8,54.39,68,0,5.28
344,Menongue,AO,2022-01-30 17:43:43,-14.6585,17.691,63.84,76,100,9.28
345,Ponta Delgada,PT,2022-01-30 17:43:43,37.7333,-25.6667,61.5,72,40,19.57
346,Kaeo,NZ,2022-01-30 17:43:43,-35.1,173.7833,62.33,95,100,11.68
347,Udarnyy,RU,2022-01-30 17:43:44,54.3409,42.8611,20.8,94,96,8.57
348,Bambanglipuro,ID,2022-01-30 17:43:44,-7.95,110.2833,63.61,89,100,4.03
349,Manggar,ID,2022-01-30 17:43:44,-2.8833,108.2667,78.66,80,98,6.11
350,Arona,ES,2022-01-30 17:43:44,28.0996,-16.681,63.12,60,15,1.01
351,Dabhol,IN,2022-01-30 17:43:45,17.6,73.1667,69.1,62,0,5.32
352,Abnub,EG,2022-01-30 17:43:45,27.2696,31.1511,54.66,39,3,6.26
353,Westport,US,2022-01-30 17:41:58,41.1415,-73.3579,25.92,45,0,1.99
354,Aljezur,PT,2022-01-30 17:43:45,37.3191,-8.8033,55.06,60,1,2.86
355,Batagay,RU,2022-01-30 17:40:53,67.6333,134.6333,-34.06,99,41,2.57
356,Sambava,MG,2022-01-30 17:43:46,-14.2667,50.1667,79.16,86,86,13.69
357,San Cristobal,VE,2022-01-30 17:43:46,7.7669,-72.225,68.18,40,88,4.97
358,Shamary,RU,2022-01-30 17:43:46,57.3434,58.2199,9.99,97,100,2.26
359,Grindavik,IS,2022-01-30 17:43:47,63.8424,-22.4338,27.07,63,75,31.07
360,Saint-Prosper,CA,2022-01-30 17:43:47,46.2117,-70.4811,8.69,83,71,15.28
361,Ordu,TR,2022-01-30 17:43:47,40.9086,37.6845,28.9,81,80,9.42
362,Istok,XK,2022-01-30 17:43:48,42.7808,20.4875,34.72,75,46,7.52
363,Kyabe,TD,2022-01-30 17:43:48,9.4515,18.9449,82.04,15,34,4.18
364,Bac Lieu,VN,2022-01-30 17:38:57,9.285,105.7244,76.23,85,32,7.7
365,Margate,GB,2022-01-30 17:44:48,51.3813,1.3862,43.7,75,93,3.0
366,Batagay-Alyta,RU,2022-01-30 17:44:49,67.8006,130.4114,-18.53,95,92,2.15
367,Vega De Alatorre,MX,2022-01-30 17:44:49,20.0333,-96.6333,69.08,68,17,8.21
368,Garissa,KE,2022-01-30 17:44:49,-0.4536,39.6401,88.34,31,19,8.41
369,Naze,JP,2022-01-30 17:44:49,28.3667,129.4833,52.81,69,97,18.9
370,Izberbash,RU,2022-01-30 17:44:50,42.5696,47.8645,33.85,70,96,5.39
371,Andapa,MG,2022-01-30 17:44:50,-14.65,49.65,70.03,96,76,2.86
372,Kidodi,TZ,2022-01-30 17:44:50,-7.6036,37.0044,72.55,98,81,1.77
373,Ilhabela,BR,2022-01-30 17:44:51,-23.7781,-45.3581,74.39,92,100,0.81
374,Ixtapa,MX,2022-01-30 17:44:51,20.7,-105.2,78.03,50,0,2.3
375,Salalah,OM,2022-01-30 17:42:32,17.0151,54.0924,75.29,69,0,3.44
376,Klaksvik,FO,2022-01-30 17:44:51,62.2266,-6.589,34.72,82,100,15.93
377,Valparaiso,CL,2022-01-30 17:44:51,-33.0393,-71.6273,70.03,64,0,9.22
378,Rawson,AR,2022-01-30 17:40:16,-43.3002,-65.1023,57.78,54,96,25.55
379,Nkan,GA,2022-01-30 17:44:52,0.3833,9.7833,83.97,78,98,6.8
380,Marystown,CA,2022-01-30 17:44:52,47.1666,-55.1483,35.91,76,100,33.51
381,Inhambane,MZ,2022-01-30 17:44:52,-23.865,35.3833,78.78,78,20,5.01
382,Iqaluit,CA,2022-01-30 17:44:53,63.7506,-68.5145,-9.67,64,75,3.44
383,Adrar,MR,2022-01-30 17:44:53,20.5022,-10.0711,82.49,10,100,10.87
384,Dzhebariki-Khaya,RU,2022-01-30 17:44:53,62.2167,135.8,-37.79,100,68,1.36
385,Asau,RO,2022-01-30 17:44:53,46.4333,26.4,39.4,67,40,17.69
386,Nador,MA,2022-01-30 17:44:54,35.174,-2.9287,59.25,67,0,3.44
387,Petrila,RO,2022-01-30 17:44:54,45.45,23.4167,34.66,94,93,12.55
388,Phonhong,LA,2022-01-30 17:44:54,18.5007,102.4166,69.35,63,61,2.21
389,Ambovombe,MG,2022-01-30 17:44:55,-25.1667,46.0833,75.11,73,77,20.74
390,Mmathubudukwane,BW,2022-01-30 17:44:55,-24.6,26.4333,76.06,85,98,5.46
391,Hasaki,JP,2022-01-30 17:44:55,35.7333,140.8333,34.2,49,96,13.98
392,Svetlogorsk,BY,2022-01-30 17:44:55,52.6333,29.7333,31.59,95,100,10.33
393,Okha,RU,2022-01-30 17:44:56,53.5739,142.9478,7.36,93,100,20.78
394,Sarny,UA,2022-01-30 17:44:56,51.338,26.6019,32.65,97,95,15.59
395,Portobelo,PA,2022-01-30 17:44:56,9.55,-79.65,88.61,56,43,13.82
396,Bubaque,GW,2022-01-30 17:44:57,11.2833,-15.8333,78.24,63,21,15.19
397,Ancud,CL,2022-01-30 17:44:57,-41.8697,-73.8203,65.43,56,39,11.43
398,Mosquera,CO,2022-01-30 17:43:19,4.7059,-74.2302,64.49,55,40,8.05
399,Taltal,CL,2022-01-30 17:44:57,-25.4,-70.4833,68.23,70,25,6.8
400,Isugod,PH,2022-01-30 17:44:57,9.3408,118.1196,78.58,86,39,3.85
401,Alta Floresta,BR,2022-01-30 17:43:26,-9.8756,-56.0861,80.42,78,100,9.22
402,Atlantic Beach,US,2022-01-30 17:44:58,30.3344,-81.3987,55.09,24,0,1.01
403,Waddan,LY,2022-01-30 17:44:58,29.1614,16.139,50.25,51,21,6.42
404,Havelock,US,2022-01-30 17:44:58,34.8791,-76.9013,39.97,26,0,4.0
405,Umm Lajj,SA,2022-01-30 17:44:59,25.0213,37.2685,66.34,59,93,11.83
406,Sao Joao Do Piaui,BR,2022-01-30 17:44:59,-8.3581,-42.2467,86.9,51,97,7.34
407,Ucluelet,CA,2022-01-30 17:44:59,48.9329,-125.5528,48.09,94,100,4.0
408,Ust-Ishim,RU,2022-01-30 17:44:59,57.6935,71.1665,5.32,97,100,4.88
409,Toucheng,TW,2022-01-30 17:46:00,24.8592,121.8233,56.98,82,100,7.16
410,Bethel,US,2022-01-30 17:46:00,41.3712,-73.414,24.42,50,0,3.0
411,Zhigansk,RU,2022-01-30 17:46:00,66.7697,123.3711,-33.05,100,97,2.42
412,Haikou,CN,2022-01-30 17:46:01,20.0458,110.3417,64.53,94,75,13.42
413,Road Town,VG,2022-01-30 17:46:01,18.4167,-64.6167,82.49,65,40,10.36
414,Vila Velha,BR,2022-01-30 17:46:01,-20.3297,-40.2925,87.75,62,40,13.8
415,Roald,NO,2022-01-30 17:46:01,62.5833,6.1333,34.32,86,75,4.61
416,Abbeville,FR,2022-01-30 17:46:02,50.1,1.8333,43.29,89,17,6.17
417,Gizo,SB,2022-01-30 17:46:02,-8.103,156.8419,81.41,79,98,8.72
418,Andra,RU,2022-01-30 17:46:02,62.5147,65.8878,-4.34,99,98,2.66
419,Hamilton,US,2022-01-30 17:45:30,39.1834,-84.5333,38.08,56,0,1.99
420,Dali,CN,2022-01-30 17:46:03,25.7,100.1833,38.89,86,19,4.72
421,Goure,NE,2022-01-30 17:46:03,13.9835,10.2704,72.01,11,51,12.01
422,Koslan,RU,2022-01-30 17:46:03,63.4564,48.8989,2.86,99,95,3.67
423,Marsa Matruh,EG,2022-01-30 17:46:03,31.3525,27.2453,53.87,70,56,24.63
424,Broken Hill,AU,2022-01-30 17:46:04,-31.95,141.4333,80.31,54,94,9.22
425,Biak,ID,2022-01-30 17:46:04,-0.9131,122.8766,76.32,80,88,5.59
426,Panguna,PG,2022-01-30 17:46:04,-6.3164,155.4848,68.95,97,100,2.01
427,Salinopolis,BR,2022-01-30 17:46:05,-0.6136,-47.3561,79.2,87,91,8.55
428,Virginia Beach,US,2022-01-30 17:44:55,36.8529,-75.978,34.09,43,0,9.22
429,Koumac,NC,2022-01-30 17:45:50,-20.5667,164.2833,77.86,84,92,3.91
430,Voyvozh,RU,2022-01-30 17:46:05,62.892,54.9635,5.76,96,100,5.21
431,Bardiyah,LY,2022-01-30 17:46:05,31.7561,25.0865,56.23,73,92,28.43
432,Laguna,US,2022-01-30 17:46:06,38.421,-121.4238,58.08,74,0,4.61
433,Dzilam Gonzalez,MX,2022-01-30 17:46:06,21.2833,-88.9333,73.92,41,79,6.33
434,Lavrentiya,RU,2022-01-30 17:46:06,65.5833,-171.0,-4.76,88,4,5.12
435,Talara,PE,2022-01-30 17:46:06,-4.5772,-81.2719,86.76,48,0,14.97
436,Hovd,MN,2022-01-30 17:46:07,48.0056,91.6419,-12.84,81,19,2.17
437,Pisco,PE,2022-01-30 17:46:07,-13.7,-76.2167,74.01,73,0,10.36
438,Novo Aripuana,BR,2022-01-30 17:46:07,-5.1206,-60.3797,80.24,77,99,4.03
439,Meulaboh,ID,2022-01-30 17:46:08,4.1363,96.1285,78.15,81,84,3.29
440,Komsomolskiy,UZ,2022-01-30 17:46:08,40.4272,71.7189,33.22,86,100,4.61
441,Bar Harbor,US,2022-01-30 17:46:09,44.3876,-68.2039,22.64,49,0,13.0
442,Athabasca,CA,2022-01-30 17:46:09,54.7169,-113.2854,28.15,88,56,2.51
443,Kongolo,CD,2022-01-30 17:46:10,-5.3833,27.0,71.4,95,99,3.71
444,Hervey Bay,AU,2022-01-30 17:46:10,-25.2986,152.8535,72.03,86,82,8.23
445,Jaque,PA,2022-01-30 17:46:11,7.5175,-78.1703,84.33,60,53,10.69
446,Alice Springs,AU,2022-01-30 17:45:34,-23.7,133.8833,71.15,100,100,10.36
447,Jumla,NP,2022-01-30 17:46:11,29.2747,82.1838,36.36,53,0,4.97
448,Spresiano,IT,2022-01-30 17:46:11,45.7791,12.2563,46.8,62,0,1.14
449,Tecoanapa,MX,2022-01-30 17:46:12,16.5167,-98.75,83.26,62,5,8.28
450,Harper,LR,2022-01-30 17:46:12,4.375,-7.7169,82.47,75,70,9.42
451,Shubarkuduk,KZ,2022-01-30 17:46:12,49.1447,56.4872,25.21,93,100,15.66
452,Tuatapere,NZ,2022-01-30 17:45:08,-46.1333,167.6833,58.82,95,49,2.48
453,Mogadishu,SO,2022-01-30 17:46:13,2.0371,45.3438,77.54,83,46,21.3
454,Ruidoso,US,2022-01-30 17:45:14,33.3317,-105.673,54.05,32,0,1.01
455,Tasiilaq,GL,2022-01-30 17:47:13,65.6145,-37.6368,8.76,35,6,31.97
456,Cap Malheureux,MU,2022-01-30 17:47:13,-19.9842,57.6142,81.09,73,40,3.0
457,Churapcha,RU,2022-01-30 17:47:14,62.0025,132.4325,-37.59,100,60,1.7
458,Kudahuvadhoo,MV,2022-01-30 17:47:14,2.6708,72.8944,82.11,73,79,12.35
459,Inta,RU,2022-01-30 17:47:14,66.0317,60.1659,0.88,91,100,5.06
460,Erenhot,CN,2022-01-30 17:47:14,43.6475,111.9767,6.39,89,100,16.44
461,Havre-Saint-Pierre,CA,2022-01-30 17:47:15,50.2334,-63.5986,10.99,85,100,18.41
462,Iracoubo,GF,2022-01-30 17:47:15,5.4802,-53.2011,80.51,73,61,9.91
463,Paris,FR,2022-01-30 17:44:50,48.8534,2.3488,47.14,75,100,1.01
464,Beyla,GN,2022-01-30 17:47:15,8.6833,-8.6333,89.51,10,18,7.47
465,Ilo,PE,2022-01-30 17:47:16,-17.6394,-71.3375,71.71,68,27,7.07
466,Inuvik,CA,2022-01-30 17:45:28,68.3499,-133.7218,1.44,77,75,4.61
467,Maxixe,MZ,2022-01-30 17:47:16,-23.8597,35.3472,78.62,78,20,5.01
468,Buin,CL,2022-01-30 17:47:16,-33.7333,-70.75,83.05,28,0,9.84
469,Moose Factory,CA,2022-01-30 17:47:17,51.2585,-80.6094,-4.0,77,0,9.22
470,Limbang,MY,2022-01-30 17:46:04,4.75,115.0,77.31,98,96,2.08
471,Villa Maria,AR,2022-01-30 17:47:17,-32.4075,-63.2402,90.82,45,0,10.51
472,Lingao,CN,2022-01-30 17:47:17,19.9103,109.6859,64.94,89,97,16.84
473,Urbano Santos,BR,2022-01-30 17:47:17,-3.2078,-43.4036,87.66,48,90,7.47
474,Isangel,VU,2022-01-30 17:47:18,-19.55,169.2667,77.41,94,100,9.8
475,Kieta,PG,2022-01-30 17:47:18,-6.2167,155.6333,79.21,86,100,5.91
476,Haputale,LK,2022-01-30 17:47:18,6.7681,80.9595,60.67,91,23,4.41
477,Monterey,US,2022-01-30 17:47:19,36.2505,-121.2516,52.11,37,0,2.35
478,Zhob,PK,2022-01-30 17:47:19,31.3411,69.4481,51.01,45,4,3.71
479,Loma Bonita,PA,2022-01-30 17:47:19,8.3833,-80.1667,88.79,45,40,12.66
480,Lagoa,PT,2022-01-30 17:47:19,39.05,-27.9833,57.78,66,66,22.37
481,Caxito,AO,2022-01-30 17:47:20,-8.5785,13.6643,79.03,79,89,5.06
482,Ballangen,NO,2022-01-30 17:47:20,68.3428,16.8315,17.11,79,75,0.0
483,Cabrero,CL,2022-01-30 17:47:21,-37.0333,-72.4,79.11,26,2,5.55
484,Veinticinco De Mayo,AR,2022-01-30 17:47:21,-35.4323,-60.1727,86.05,46,13,8.01
485,Atherton,GB,2022-01-30 17:43:27,53.5237,-2.4935,45.95,80,93,1.99
486,Lokoja,NG,2022-01-30 17:47:21,7.8024,6.743,86.5,12,56,3.76
487,Nipawin,CA,2022-01-30 17:47:22,53.3668,-104.0009,17.64,86,100,9.22
488,Chiman,PK,2022-01-30 17:47:22,32.5463,73.8138,59.14,47,1,2.15
489,Khorixas,NA,2022-01-30 17:47:22,-20.3667,14.9667,70.12,57,72,19.46
490,Parainen,FI,2022-01-30 17:47:23,60.3067,22.301,26.15,87,100,18.99
491,Prince Rupert,CA,2022-01-30 17:47:23,54.3161,-130.3201,37.09,100,100,4.61
492,Akureyri,IS,2022-01-30 17:47:23,65.6835,-18.0878,28.33,69,100,4.61
493,Kunya,NG,2022-01-30 17:47:23,12.2233,8.5325,78.96,14,50,12.66
494,Flin Flon,CA,2022-01-30 17:47:24,54.7682,-101.865,4.84,78,100,4.61
495,Carutapera,BR,2022-01-30 17:47:24,-1.195,-46.02,75.81,92,94,6.69
496,Torbay,CA,2022-01-30 17:46:10,47.6666,-52.7314,47.75,89,100,26.46
497,Itaituba,BR,2022-01-30 17:48:25,-4.2761,-55.9836,82.56,78,40,5.75
498,Whyalla,AU,2022-01-30 17:48:25,-33.0333,137.5833,73.29,83,40,9.22
499,Bakchar,RU,2022-01-30 17:48:26,57.0186,82.0711,5.04,95,65,5.17
500,Segou,ML,2022-01-30 17:48:26,13.4317,-6.2157,89.42,8,16,10.47
501,Challans,FR,2022-01-30 17:48:26,46.8436,-1.8749,48.4,91,73,7.02
502,Paragominas,BR,2022-01-30 17:48:26,-2.9667,-47.4833,84.15,66,80,4.83
503,Srednekolymsk,RU,2022-01-30 17:48:27,67.45,153.6833,-22.88,99,100,4.79
504,Luanda,AO,2022-01-30 17:48:27,-8.8368,13.2343,79.32,82,98,11.97
505,Constitucion,CL,2022-01-30 17:46:25,-35.3333,-72.4167,70.86,58,2,18.28
506,Khandagayty,RU,2022-01-30 17:48:27,50.7333,92.05,-20.7,91,53,4.97
507,Micheweni,TZ,2022-01-30 17:48:28,-4.9667,39.8333,79.65,80,84,12.68
508,Bada,RU,2022-01-30 17:48:28,51.392,109.8717,-13.36,99,87,3.15
509,Mtwara,TZ,2022-01-30 17:48:28,-10.2667,40.1833,77.2,84,50,3.65
510,Sayyan,YE,2022-01-30 17:48:29,15.1718,44.3244,56.17,41,1,1.92
511,Neiafu,TO,2022-01-30 17:48:29,-18.65,-173.9833,80.64,76,100,5.48
512,Algiers,DZ,2022-01-30 17:47:11,36.7525,3.042,51.62,71,0,4.61
513,Poquoson,US,2022-01-30 17:48:29,37.1224,-76.3458,35.13,40,5,1.99
514,Tocopilla,CL,2022-01-30 17:48:29,-22.092,-70.1979,71.01,65,2,7.11
515,Nawa,IN,2022-01-30 17:48:30,27.0167,75.0,60.22,34,0,4.85
516,Khani,GE,2022-01-30 17:48:30,41.9563,42.9566,31.57,87,98,4.29
517,Oranjemund,NA,2022-01-30 17:48:30,-28.55,16.4333,68.02,80,37,3.44
518,Biltine,TD,2022-01-30 17:48:31,14.5333,20.9167,70.9,12,15,11.18
519,Buala,SB,2022-01-30 17:48:31,-8.145,159.5921,79.84,83,97,4.29
520,Simao,CN,2022-01-30 17:48:31,22.7886,100.9748,46.67,61,0,2.42
521,Manaus,BR,2022-01-30 17:48:31,-3.1019,-60.025,82.9,83,75,6.91
522,Ust-Nera,RU,2022-01-30 17:48:32,64.5667,143.2,-16.69,99,100,0.98
523,Saint-Joseph,RE,2022-01-30 17:48:32,-21.3667,55.6167,79.18,78,49,12.08
524,Vanimo,PG,2022-01-30 17:48:33,-2.6741,141.3028,77.09,87,99,9.84
525,Duiwelskloof,ZA,2022-01-30 17:48:33,-23.6934,30.14,65.82,90,86,3.94
526,Pemba,MZ,2022-01-30 17:48:33,-12.974,40.5178,83.1,78,20,5.99
527,Lander,US,2022-01-30 17:48:33,42.833,-108.7307,28.53,58,0,4.61
528,Kanniyakumari,IN,2022-01-30 17:48:34,8.0833,77.5667,78.82,85,0,15.43
529,Les Cayes,HT,2022-01-30 17:48:34,18.2,-73.75,85.51,52,12,8.16
530,Carcassonne,FR,2022-01-30 17:48:34,43.25,2.1667,48.69,100,100,18.41
531,Denpasar,ID,2022-01-30 17:48:35,-8.65,115.2167,82.06,83,40,4.61
532,Key West,US,2022-01-30 17:44:44,24.5557,-81.7826,60.8,37,0,12.66
533,Jalu,LY,2022-01-30 17:48:35,29.0331,21.5482,56.17,55,87,17.43
534,Tamandare,BR,2022-01-30 17:48:35,-8.7597,-35.1047,82.99,70,87,9.15
535,Vestmannaeyjar,IS,2022-01-30 17:48:35,63.4427,-20.2734,29.39,64,40,34.52
536,Yanam,IN,2022-01-30 17:48:36,16.7333,82.2167,66.7,95,3,1.14
537,Revda,RU,2022-01-30 17:48:36,56.801,59.9303,-1.39,97,100,1.3
538,Peniche,PT,2022-01-30 17:48:36,39.3558,-9.3811,63.16,58,72,7.11
539,Kalmar,SE,2022-01-30 17:48:36,56.6616,16.3616,40.93,56,0,20.71
540,Saint-Louis,SN,2022-01-30 17:48:37,16.3333,-15.0,94.64,8,99,7.36
541,Whitehorse,CA,2022-01-30 17:46:12,60.7161,-135.0538,9.37,71,75,11.01
542,Cap-Aux-Meules,CA,2022-01-30 17:48:37,47.3821,-61.8597,24.82,74,100,33.38
543,Katete,UG,2022-01-30 17:49:37,-0.7818,29.7544,72.52,46,92,3.18
544,Kogon,UZ,2022-01-30 17:49:38,39.7228,64.5517,32.04,93,0,6.91
545,Lorengau,PG,2022-01-30 17:49:38,-2.0226,147.2712,79.23,82,100,10.45
546,Sampit,ID,2022-01-30 17:49:38,-2.5333,112.95,74.14,90,100,2.73
547,Sao Joao Da Barra,BR,2022-01-30 17:49:38,-21.6403,-41.0511,91.49,73,61,8.5
548,Muzhi,RU,2022-01-30 17:49:39,65.3667,64.6667,2.86,97,100,2.48
549,Aksarka,RU,2022-01-30 17:49:39,66.5606,67.7975,-0.4,96,100,6.17
550,Sabang,ID,2022-01-30 17:49:39,5.8933,95.3214,81.81,72,29,6.98
551,Ulaangom,MN,2022-01-30 17:49:39,49.9811,92.0667,-24.27,93,89,3.42
552,Verkhnevilyuysk,RU,2022-01-30 17:49:40,63.4453,120.3167,-23.06,99,56,3.58
553,Yerbogachen,RU,2022-01-30 17:49:40,61.2767,108.0108,-9.42,100,98,2.84
554,Koshurnikovo,RU,2022-01-30 17:49:40,54.1667,93.3,-14.87,99,41,3.85
555,Kijang,KR,2022-01-30 17:49:41,35.2442,129.2139,29.93,28,1,5.01
556,Jizan,SA,2022-01-30 17:49:41,17.3333,42.6667,79.74,72,41,4.27
557,Udankudi,IN,2022-01-30 17:49:41,8.4333,78.0167,79.29,82,2,16.11
558,Kisaran,ID,2022-01-30 17:49:41,2.9845,99.6158,73.47,94,94,2.75
559,Amungan,PH,2022-01-30 17:49:42,15.3652,119.9582,76.75,84,5,4.72
560,Billings,US,2022-01-30 17:48:13,45.7833,-108.5007,48.51,31,75,19.57
561,Qurbus,TN,2022-01-30 17:49:42,36.8167,10.5687,55.74,78,0,15.75
562,San Vicente,AR,2022-01-30 17:49:43,-26.6167,-54.1333,85.96,36,40,3.24
563,Tessalit,ML,2022-01-30 17:49:43,20.1986,1.0114,77.07,13,5,11.1
564,Mafeteng,LS,2022-01-30 17:49:43,-29.823,27.2374,71.76,40,92,3.27
565,Sergeyevka,KZ,2022-01-30 17:49:43,53.88,67.4158,6.37,96,100,9.73
566,Zemetchino,RU,2022-01-30 17:49:44,53.4973,42.6163,23.58,90,99,12.46
567,Dores Do Indaia,BR,2022-01-30 17:49:44,-19.4633,-45.6017,79.74,68,89,5.88
568,Baturaja,ID,2022-01-30 17:49:44,-4.1333,104.1667,74.07,97,100,1.25
569,Luena,AO,2022-01-30 17:49:45,-11.7833,19.9167,64.9,77,98,4.85
570,Talnakh,RU,2022-01-30 17:49:45,69.4865,88.3972,-12.44,97,86,8.79
571,Kattivakkam,IN,2022-01-30 17:49:45,13.2167,80.3167,79.07,80,43,8.88
572,Kalmunai,LK,2022-01-30 17:49:46,7.4167,81.8167,77.07,87,28,6.67
573,Townsville,AU,2022-01-30 17:49:46,-19.25,146.8,77.88,89,75,0.0
574,San Quintin,MX,2022-01-30 17:49:46,30.4833,-115.95,62.31,49,0,3.6
575,North Bend,US,2022-01-30 17:49:46,43.4065,-124.2243,48.85,100,100,12.66
576,Leh,IN,2022-01-30 17:49:47,34.1667,77.5833,10.15,84,100,1.72
577,Narsaq,GL,2022-01-30 17:45:01,60.9167,-46.05,10.62,63,100,8.3
578,Tucumcari,US,2022-01-30 17:49:47,35.1717,-103.725,46.94,36,0,4.61
579,Bonthe,SL,2022-01-30 17:49:48,7.5264,-12.505,82.92,64,24,12.55
580,Olonets,RU,2022-01-30 17:49:48,60.9847,32.9698,22.77,95,100,9.91
581,Port Macquarie,AU,2022-01-30 17:48:21,-31.4333,152.9167,69.89,100,40,4.61
582,Lop Buri,TH,2022-01-30 17:49:48,14.7981,100.654,78.91,69,9,6.31
